Title,URL,Username,Password,Notes,OTPAuth
codeforces.com (Kavadapuvaishnavireddy@gmail.com),https://codeforces.com/,Kavadapuvaishnavireddy@gmail.com,Sweety@4005,,
www.netflix.com (bhanuprakash4240@gmail.com),http://www.netflix.com/,bhanuprakash4240@gmail.com,Bhanu@4005,,
accounts.nike.com (Kavadapuvaishnavireddy@gmail.com),https://accounts.nike.com/,Kavadapuvaishnavireddy@gmail.com,Mittureddy4005,,
panel.000webhost.com (Historical places in india),https://panel.000webhost.com/,Historical places in india,kubwi2-jAhbyh-misroc,,
